[
    {
      "address": {
        "addressLocality": "Los Angeles",
        "addressRegion": "CA",
        "streetAddress": "951 Westwood Blvd. ",
        "postalCode": "90024"
      },
      "geo": {
        "@type": "GeoCoordinates",
        "latitude": "34.062754",
        "longitude": "-118.445587"
      },
      "name": "7-Eleven",
      "description": "Grocery & Homegoods, Treats",
      "telephone": "310-443-0001 ",
      "url": "https://thewestwoodvillage.com/business-details/?ID=264",
      "type": "shopping",
      "status": "Open 24/7",
      "open": true
    },
    {
      "address": {
        "addressLocality": "Los Angeles",
        "addressRegion": "CA",
        "streetAddress": "1100 Westwood Blvd.",
        "postalCode": "90024"
      },
      "geo": {
        "@type": "GeoCoordinates",
        "latitude": "34.060825",
        "longitude": "-118.445248"
      },
      "name": "AT&T Wireless",
      "description": "Wireless Communications",
      "telephone": "310-208-0319",
      "url": "https://thewestwoodvillage.com/business-details/?ID=272",
      "type": "shopping",
      "status": "Temporarily closed",
      "open": false
    },
    {
      "address": {
        "addressLocality": "Los Angeles",
        "addressRegion": "CA",
        "streetAddress": "10958 Weyburn Ave.",
        "postalCode": "90024"
      },
      "geo": {
        "@type": "GeoCoordinates",
        "latitude": "34.062392",
        "longitude": "-118.447079"
      },
      "name": "Brandy Melville",
      "description": "Clothing & Footwear",
      "telephone": "310-824-0281",
      "url": "https://thewestwoodvillage.com/business-details/?ID=288",
      "type": "shopping",
      "status": "Temporarily Closed",
      "open": false
    },
    {
      "address": {
        "addressLocality": "Los Angeles",
        "addressRegion": "CA",
        "streetAddress": "10861 Weyburn Ave.",
        "postalCode": "90024"
      },
      "geo": {
        "@type": "GeoCoordinates",
        "latitude": "34.063105",
        "longitude": "-118.443621"
      },
      "name": "City Target Westwood",
      "description": "Clothing & Footwear, Grocery & Homegoods, Flowers & Gifts, Pharmacy & Drug",
      "telephone": "310-893-2360",
      "url": "https://thewestwoodvillage.com/business-details/?ID=308",
      "type": "shopping",
      "status": "",
      "open": true
    },
    {
      "address": {
        "addressLocality": "Los Angeles",
        "addressRegion": "CA",
        "streetAddress": "1078 Gayley Ave.",
        "postalCode": "90024"
      },
      "geo": {
        "@type": "GeoCoordinates",
        "latitude": "34.060748",
        "longitude": "-118.446693"
      },
      "name": "Flax Pen to Paper",
      "description": "Flowers & Gifts",
      "telephone": "310-208-3529",
      "url": "https://thewestwoodvillage.com/business-details/?ID=344",
      "type": "shopping",
      "status": "",
      "open": false
    },
    {
      "address": {
        "addressLocality": "Los Angeles",
        "addressRegion": "CA",
        "streetAddress": "1087 Broxton Ave",
        "postalCode": "90024"
      },
      "geo": {
        "@type": "GeoCoordinates",
        "latitude": "34.060945",
        "longitude": "-118.445948"
      },
      "name": "Footaction",
      "description": "Clothing & Footwear",
      "telephone": "310-824-0001",
      "url": "https://thewestwoodvillage.com/business-details/?ID=346",
      "type": "shopping",
      "status": "Temporarily closed",
      "open": false
    },
    {
      "address": {
        "addressLocality": "Los Angeles",
        "addressRegion": "CA",
        "streetAddress": "1027 Westwood Blvd.",
        "postalCode": "90024"
      },
      "geo": {
        "@type": "GeoCoordinates",
        "latitude": "34.061976",
        "longitude": "-118.445592"
      },
      "name": "Francesca’s",
      "description": "Clothing & Footwear",
      "telephone": "310-208-0409",
      "url": "https://thewestwoodvillage.com/business-details/?ID=348",
      "type": "shopping",
      "status": "Temporarily closed",
      "open": false
    },
    {
      "address": {
        "addressLocality": "Los Angeles",
        "addressRegion": "CA",
        "streetAddress": "1035 Westwood Blvd.",
        "postalCode": "90024"
      },
      "geo": {
        "@type": "GeoCoordinates",
        "latitude": "34.061951",
        "longitude": "-118.445398"
      },
      "name": "MAC Cosmetics",
      "description": "Health & Beauty",
      "telephone": "310-443-0003",
      "url": "https://thewestwoodvillage.com/business-details/?ID=403",
      "type": "shopping",
      "status": "Temporarily closed",
      "open": false
    },
    {
      "address": {
        "addressLocality": "Los Angeles",
        "addressRegion": "CA",
        "streetAddress": "1093 1/2 Broxton Ave.",
        "postalCode": "90024"
      },
      "geo": {
        "@type": "GeoCoordinates",
        "latitude": "34.060799",
        "longitude": "-118.445773"
      },
      "name": "Michael K. Jewelers",
      "description": "Jewelry",
      "telephone": "310-208-1818",
      "url": "https://thewestwoodvillage.com/business-details/?ID=408",
      "type": "shopping",
      "status": "Store temporarily closed - offering online appointments and online shopping",
      "open": true
    },
    {
      "address": {
        "addressLocality": "Los Angeles",
        "addressRegion": "CA",
        "streetAddress": "1111 Glendon Ave.",
        "postalCode": "90024"
      },
      "geo": {
        "@type": "GeoCoordinates",
        "latitude": "34.06062",
        "longitude": "-118.444411"
      },
      "name": "Muriel Chastanet Fine Jewelry",
      "description": "Jewelry",
      "telephone": "310-208-3119",
      "url": "https://thewestwoodvillage.com/business-details/?ID=413",
      "type": "shopping",
      "status": "",
      "open": false
    },
    {
      "address": {
        "addressLocality": "Los Angeles",
        "addressRegion": "CA",
        "streetAddress": "1033 Westwood Blvd.",
        "postalCode": "90024"
      },
      "geo": {
        "@type": "GeoCoordinates",
        "latitude": "34.061951",
        "longitude": "-118.445617"
      },
      "name": "Paper Source",
      "description": "Flowers & Gifts",
      "telephone": "310-443-1948",
      "url": "https://thewestwoodvillage.com/business-details/?ID=423",
      "type": "shopping",
      "status": "Temporarily closed, offering online orders",
      "open": true
    },
    {
      "address": {
        "addressLocality": "Los Angeles",
        "addressRegion": "CA",
        "streetAddress": "10861 Le Conte Ave.",
        "postalCode": "90024"
      },
      "geo": {
        "@type": "GeoCoordinates",
        "latitude": "34.063785",
        "longitude": "-118.443722"
      },
      "name": "Ralphs Fresh Fare",
      "description": "Grocery & Homegoods, Pharmacy & Drug",
      "telephone": "310-824-5994",
      "url": "https://thewestwoodvillage.com/business-details/?ID=437",
      "type": "shopping",
      "status": "",
      "open": true
    },
    {
      "address": {
        "addressLocality": "Los Angeles",
        "addressRegion": "CA",
        "streetAddress": "1001 Glendon Ave.",
        "postalCode": "90024"
      },
      "geo": {
        "@type": "GeoCoordinates",
        "latitude": "34.062498",
        "longitude": "-118.444162"
      },
      "name": "Rite Aid",
      "description": "Other Services, Pharmacy & Drug",
      "telephone": "310-209-0708",
      "url": "https://thewestwoodvillage.com/business-details/?ID=439",
      "type": "shopping",
      "status": "open for seniors and immuno-compromised people from 9-10 am ",
      "open": true
    },
    {
      "address": {
        "addressLocality": "Los Angeles",
        "addressRegion": "CA",
        "streetAddress": "1055 Westwood Blvd.",
        "postalCode": "90024"
      },
      "geo": {
        "@type": "GeoCoordinates",
        "latitude": "34.061604",
        "longitude": "-118.44546"
      },
      "name": "Sarah Leonard Fine Jewelers",
      "description": "Jewelry",
      "telephone": "310-208-3131",
      "url": "https://thewestwoodvillage.com/business-details/?ID=444",
      "type": "shopping",
      "status": "Temporarily closed",
      "open": false
    },
    {
      "address": {
        "addressLocality": "Los Angeles",
        "addressRegion": "CA",
        "streetAddress": "10930 Weyburn Ave.",
        "postalCode": "90024"
      },
      "geo": {
        "@type": "GeoCoordinates",
        "latitude": "34.062335",
        "longitude": "-118.446407"
      },
      "name": "Scrubs Unlimited",
      "description": "Clothing & Footwear",
      "telephone": "310-208-7669",
      "url": "https://thewestwoodvillage.com/business-details/?ID=445",
      "type": "shopping",
      "status": "Open for quick pickup",
      "open": true
    },
    {
      "address": {
        "addressLocality": "Los Angeles",
        "addressRegion": "CA",
        "streetAddress": "10953 Kinross Ave",
        "postalCode": "90024"
      },
      "geo": {
        "@type": "GeoCoordinates",
        "latitude": "34.060146",
        "longitude": "-118.446757"
      },
      "name": "Smoke Spot",
      "description": "Tobacco Shops",
      "telephone": "310-824-8840",
      "url": "https://thewestwoodvillage.com/business-details/?ID=453",
      "type": "shopping",
      "status": "",
      "open": true
    },
    {
      "address": {
        "addressLocality": "Los Angeles",
        "addressRegion": "CA",
        "streetAddress": "10917 Weyburn Ave.",
        "postalCode": "90024"
      },
      "geo": {
        "@type": "GeoCoordinates",
        "latitude": "34.062667",
        "longitude": "-118.445828"
      },
      "name": "Sports Rush",
      "description": "Clothing & Footwear",
      "telephone": "310-208-7656",
      "url": "https://thewestwoodvillage.com/business-details/?ID=457",
      "type": "shopping",
      "status": "",
      "open": false
    },
    {
      "address": {
        "addressLocality": "Los Angeles",
        "addressRegion": "CA",
        "streetAddress": "1000 Westwood Blvd",
        "postalCode": "90024"
      },
      "geo": {
        "@type": "GeoCoordinates",
        "latitude": "34.062484",
        "longitude": "-118.445194"
      },
      "name": "Sur La Table",
      "description": "Grocery & Homegoods",
      "telephone": "310-208-3274",
      "url": "https://thewestwoodvillage.com/business-details/?ID=464",
      "type": "shopping",
      "status": "Temporarily closed until atleast April 2",
      "open": true
    },
    {
      "address": {
        "addressLocality": "Los Angeles",
        "addressRegion": "CA",
        "streetAddress": "1142 Westwood Blvd.",
        "postalCode": "90024"
      },
      "geo": {
        "@type": "GeoCoordinates",
        "latitude": "34.060004",
        "longitude": "-118.444781"
      },
      "name": "T-Mobile",
      "description": "Wireless Communications",
      "telephone": "310-209-1888",
      "url": "https://thewestwoodvillage.com/business-details/?ID=467",
      "type": "shopping",
      "status": "offering virtual services and appointments for half the locations",
      "open": false
    },
    {
      "address": {
        "addressLocality": "Los Angeles",
        "addressRegion": "CA",
        "streetAddress": "1035 Gayley Ave.",
        "postalCode": "90024"
      },
      "geo": {
        "@type": "GeoCoordinates",
        "latitude": "34.061296",
        "longitude": "-118.447523"
      },
      "name": "The Farmacy",
      "description": "Holistic Medicine, Pharmacy & Drug",
      "telephone": "310-443-7722",
      "url": "https://thewestwoodvillage.com/business-details/?ID=476",
      "type": "shopping",
      "status": "",
      "open": true
    },
    {
      "address": {
        "addressLocality": "Los Angeles",
        "addressRegion": "CA",
        "streetAddress": "1000 Glendon Ave.",
        "postalCode": "90024"
      },
      "geo": {
        "@type": "GeoCoordinates",
        "latitude": "34.062507",
        "longitude": "-118.443935"
      },
      "name": "Trader Joe’s",
      "description": "Grocery & Homegoods",
      "telephone": "310-824-1495",
      "url": "https://thewestwoodvillage.com/business-details/?ID=492",
      "type": "shopping",
      "status": "open 10AM - 7PM (Mon-Sat); 9 - 10AM Open to senior customers (age 60 and over) and customers with disabilities who may need extra assistance",
      "open": true
    },
    {
      "address": {
        "addressLocality": "Los Angeles",
        "addressRegion": "CA",
        "streetAddress": "927 Westwood Blvd.",
        "postalCode": "90024"
      },
      "geo": {
        "@type": "GeoCoordinates",
        "latitude": "34.06339",
        "longitude": "-118.445282"
      },
      "name": "UCLA Campus Store",
      "description": "Clothing & Footwear",
      "telephone": "310-208-0208",
      "url": "https://thewestwoodvillage.com/business-details/?ID=496",
      "type": "shopping",
      "status": "Store locations are closed, online store is open",
      "open": true
    },
    {
      "address": {
        "addressLocality": "Los Angeles",
        "addressRegion": "CA",
        "streetAddress": "10925 Kinross Ave",
        "postalCode": "90024"
      },
      "geo": {
        "@type": "GeoCoordinates",
        "latitude": "34.06056",
        "longitude": "-118.446416"
      },
      "name": "ULTA Beauty",
      "description": "Salon & Beauty",
      "telephone": "310-443-0007",
      "url": "https://thewestwoodvillage.com/business-details/?ID=499",
      "type": "shopping",
      "status": "Temporarily closed, online store is open",
      "open": true
    },
    {
      "address": {
        "addressLocality": "Los Angeles",
        "addressRegion": "CA",
        "streetAddress": "1028 & 1038 Westwood Blvd.",
        "postalCode": "90024"
      },
      "geo": {
        "@type": "GeoCoordinates",
        "latitude": "34.065729",
        "longitude": "-118.434999"
      },
      "name": "Urban Outfitters Men and Women",
      "description": "Clothing & Footwear, Flowers & Gifts",
      "telephone": "310-443-9765",
      "url": "https://thewestwoodvillage.com/business-details/?ID=502",
      "type": "shopping",
      "status": "Temporarily closed, online store is open",
      "open": true
    },
    {
      "address": {
        "addressLocality": "Los Angeles",
        "addressRegion": "CA",
        "streetAddress": "1046 Westwood Blvd.",
        "postalCode": "90024"
      },
      "geo": {
        "@type": "GeoCoordinates",
        "latitude": "34.061731",
        "longitude": "-118.445221"
      },
      "name": "Victoria’s Secret",
      "description": "Clothing & Footwear",
      "telephone": "310-209-0882",
      "url": "https://thewestwoodvillage.com/business-details/?ID=507",
      "type": "shopping",
      "status": "Temporarily closed, online store is open with expected delivery delays",
      "open": true
    },
    {
      "address": {
        "addressLocality": "Los Angeles",
        "addressRegion": "CA",
        "streetAddress": "1087 Gayley Ave",
        "postalCode": "90024"
      },
      "geo": {
        "@type": "GeoCoordinates",
        "latitude": "34.060384",
        "longitude": "-118.446736"
      },
      "name": "Westwood Flower Garden",
      "description": "Flowers & Gifts",
      "telephone": "310-208-4000",
      "url": "https://thewestwoodvillage.com/business-details/?ID=516",
      "type": "shopping",
      "status": "Temporarily closed",
      "open": false
    },
    {
      "address": {
        "addressLocality": "Los Angeles",
        "addressRegion": "CA",
        "streetAddress": "1050 Gayley Ave.",
        "postalCode": "90024"
      },
      "geo": {
        "@type": "GeoCoordinates",
        "latitude": "34.061501",
        "longitude": "-118.447164"
      },
      "name": "Whole Foods Market",
      "description": "Grocery & Homegoods",
      "telephone": "310-824-0858",
      "url": "https://thewestwoodvillage.com/business-details/?ID=524",
      "type": "shopping",
      "status": "Guests 60+ can start to shop at 7:00 am. Open: 8:00 am – 9:00 pm",
      "open": true
    }
  ]
