"X","name","address","start","end","gcode","lat","long"
1,"T-MOBILE LEASING LLC","1465 WESTWOOD BLVD,LOS ANGELES,CA,90024","08/02/2020",NA,"1465, Westwood Boulevard, Westwood Village, Westwood, Los Angeles, Los Angeles County, California, 90024, United States",34.054499122449,-118.441154122449
2,"376 22ND ST LLC","10525 WILKINS AVENUE,LOS ANGELES,CA,90024","01/01/2020",NA,"10525, Wilkins Avenue, Westwood, Los Angeles, Los Angeles County, California, 90024, United States",34.058667,-118.429431
3,"T MOBILE FINANCIAL LLC","1465 WESTWOOD BLVD,LOS ANGELES,CA,90024","08/02/2020",NA,"1465, Westwood Boulevard, Westwood Village, Westwood, Los Angeles, Los Angeles County, California, 90024, United States",34.054499122449,-118.441154122449
4,"BLACK NATION, INC.","10880 WILSHIRE BLVD,LOS ANGELES,CA,90024","08/01/2020",NA,"U.S. Coast Guard - Motion Picture and Television Office, 10880, Wilshire Boulevard, Westwood Village, Westwood, Los Angeles, Los Angeles County, California, 90024, United States",34.058617,-118.4432767
5,"MARISSA SMITH TUNIS","10850 WILSHIRE BLVD,LOS ANGELES,CA,90024","03/13/2020",NA,"English Language Center - ELC Los Angeles, 10850, Wilshire Boulevard, Westwood Village, Westwood, Los Angeles, Los Angeles County, California, 90024, United States",34.05913165,-118.44120737686
6,"GRETA & CO., LLC","10526 EASTBORNE AVENUE,LOS ANGELES,CA,90024","04/01/2020",NA,"10526, Eastborne Avenue, Westwood, Los Angeles, Los Angeles County, California, 90024, United States",34.055787625,-118.428328958333
7,"BACTAKLEEN MEXICO LLC","1762 WESTWOOD BLVD,LOS ANGELES,CA,90024","07/01/2020",NA,"1762, Westwood Boulevard, Westwood, Los Angeles, Los Angeles County, California, 90024, United States",34.0506534285714,-118.437595959184
8,"APQ SOUTH GAYLEY CA, LLC","1122 GAYLEY AVENUE,LOS ANGELES,CA,90024","06/22/2020",NA,"Gayley & Lindbrook Apartments, 1122, Gayley Avenue, Westwood Village, Westwood, Los Angeles, Los Angeles County, California, 90024, United States",34.05968895,-118.445640253255
10,"ANSARI SPARKLING SMILE DENTAL INC","907 WESTWOOD BLVD,LOS ANGELES,CA,90024","08/01/2020",NA,"907, Westwood Boulevard, Westwood Village, Westwood, Los Angeles, Los Angeles County, California, 90024, United States",34.0631104949684,-118.445181502484
11,"HERO CREDIT SYSTEMS, INC.","10880 WILSHIRE BLVD,LOS ANGELES,CA,90024","08/01/2020",NA,"U.S. Coast Guard - Motion Picture and Television Office, 10880, Wilshire Boulevard, Westwood Village, Westwood, Los Angeles, Los Angeles County, California, 90024, United States",34.058617,-118.4432767
12,"CHARGERGOGO INC","10488 EASTBORNE AVENUE,LOS ANGELES,CA,90024","08/01/2020",NA,"10488, Eastborne Avenue, Westwood, Los Angeles, Los Angeles County, California, 90024, United States",34.056640137931,-118.427088206897
14,"FORWARD WESTWOOD, INC","10960 WILSHIRE BLVD,LOS ANGELES,CA,90024","01/01/2020",NA,"Equinox Building, 10960, Wilshire Boulevard, Westwood Village, Westwood, Los Angeles, Los Angeles County, California, 90024, United States",34.05787365,-118.445925726254
15,"RELIABLE RETAILER INC","10880 WILSHIRE BLVD,LOS ANGELES,CA,90024","07/20/2020",NA,"U.S. Coast Guard - Motion Picture and Television Office, 10880, Wilshire Boulevard, Westwood Village, Westwood, Los Angeles, Los Angeles County, California, 90024, United States",34.058617,-118.4432767
16,"T-MOBILE WEST LLC","1465 WESTWOOD BLVD,LOS ANGELES,CA,90024","08/02/2020",NA,"1465, Westwood Boulevard, Westwood Village, Westwood, Los Angeles, Los Angeles County, California, 90024, United States",34.054499122449,-118.441154122449
17,"IGNIS TECHNOLOGY INC","616 VETERAN AVENUE,LOS ANGELES,CA,90024","07/28/2020",NA,"616, Veteran Avenue, Westwood Village, Westwood, Los Angeles, Los Angeles County, California, 90024, United States",34.0661847,-118.454215618583
18,"NNMF SUB-CDE XXXVIII LLC","1281 WESTWOOD BLVD,LOS ANGELES,CA,90024","07/22/2020",NA,"1281, Westwood Boulevard, Westwood Village, Westwood, Los Angeles, Los Angeles County, California, 90024, United States",34.0571821020408,-118.442971755102
19,"Home Business","1670 MALCOLM AVENUE,LOS ANGELES,CA,90024","01/18/2020",NA,"1670, Malcolm Avenue, Westwood, Los Angeles, Los Angeles County, California, 90024, United States",34.0527303385892,-118.436970721076
20,"CHERRI COCO BEAUTY LLC","655 KELTON AVENUE,LOS ANGELES,CA,90024","07/08/2020",NA,"655, Kelton Avenue, Westwood, Los Angeles, Los Angeles County, California, 90024, United States",34.0652661717444,-118.452952608272
21,"WS COMMUNITIES, LLC","10960 WILSHIRE BLVD,LOS ANGELES,CA,90024","07/27/2020",NA,"Equinox Building, 10960, Wilshire Boulevard, Westwood Village, Westwood, Los Angeles, Los Angeles County, California, 90024, United States",34.05787365,-118.445925726254
22,"XYC, INC.","1061 BROXTON AVENUE,LOS ANGELES,CA,90024","08/01/2020",NA,"Bibibop, 1061, Broxton Avenue, Westwood Village, Westwood, Los Angeles, Los Angeles County, California, 90024, United States",34.0613359,-118.4463345
23,"VANVOYAGE USA","10880 WILSHIRE BLVD,LOS ANGELES,CA,90024","08/08/2020",NA,"U.S. Coast Guard - Motion Picture and Television Office, 10880, Wilshire Boulevard, Westwood Village, Westwood, Los Angeles, Los Angeles County, California, 90024, United States",34.058617,-118.4432767
24,"BACTAKLEEN USA LLC","1762 WESTWOOD BLVD,LOS ANGELES,CA,90024","07/01/2020",NA,"1762, Westwood Boulevard, Westwood, Los Angeles, Los Angeles County, California, 90024, United States",34.0506534285714,-118.437595959184
26,"GME CONSULT LLC","10616 OHIO AVENUE,LOS ANGELES,CA,90024","07/14/2020",NA,"10616, Ohio Avenue, Westwood, Los Angeles, Los Angeles County, California, 90024, United States",34.0575755127566,-118.432541362565
27,"GME CONSULTS LLC","10616 OHIO AVENUE,LOS ANGELES,CA,90024","07/14/2020",NA,"10616, Ohio Avenue, Westwood, Los Angeles, Los Angeles County, California, 90024, United States",34.0575755127566,-118.432541362565
28,"Home Business","10490 HOLMAN AVENUE,LOS ANGELES,CA,90024","07/15/2020",NA,"10490, Holman Avenue, Westwood, Los Angeles, Los Angeles County, California, 90024, United States",34.0573744489796,-118.427678816327
31,"Home Business","1632 WESTWOOD BLVD,LOS ANGELES,CA,90024","02/21/2020",NA,"1632, Westwood Boulevard, Westwood, Los Angeles, Los Angeles County, California, 90024, United States",34.052557,-118.439236877551
32,"ABILITY SPORTS AND SPINE INCORPORATED","1001 GAYLEY AVENUE,LOS ANGELES,CA,90024","03/18/2020",NA,"1001, Gayley Avenue, Westwood Village, Westwood, Los Angeles, Los Angeles County, California, 90024, United States",34.06163985,-118.44808136802
33,"Home Business","1255 DEVON AVENUE,LOS ANGELES,CA,90024","04/01/2020",NA,"1255, Devon Avenue, Westwood, Los Angeles, Los Angeles County, California, 90024, United States",34.0654959970509,-118.426457141566
35,"KAIROS CAPITAL GROUP LLC","10481 WYTON DRIVE,LOS ANGELES,CA,90024","10/30/2020",NA,"10481, Wyton Drive, Westwood, Los Angeles, Los Angeles County, California, 90024, United States",34.0721194207784,-118.435246434013
36,"ORBITAL SERVICES, INC","1355 WESTWOOD BLVD,LOS ANGELES,CA,90024","08/18/2020",NA,"1355, Westwood Boulevard, Westwood Village, Westwood, Los Angeles, Los Angeles County, California, 90024, United States",34.0559875,-118.44225175
37,"10058 VSL, LLC","10960 WILSHIRE BLVD,LOS ANGELES,CA,90024","01/01/2020",NA,"Equinox Building, 10960, Wilshire Boulevard, Westwood Village, Westwood, Los Angeles, Los Angeles County, California, 90024, United States",34.05787365,-118.445925726254
38,"FGW PRODUCTIONS, LLC","10850 WILSHIRE BLVD,LOS ANGELES,CA,90024","08/31/2020",NA,"English Language Center - ELC Los Angeles, 10850, Wilshire Boulevard, Westwood Village, Westwood, Los Angeles, Los Angeles County, California, 90024, United States",34.05913165,-118.44120737686
39,"SHAHRAD AYNEHCHI, MD, APC","10744 WELLWORTH AVENUE,LOS ANGELES,CA,90024","08/14/2020",NA,"10744, Wellworth Avenue, Westwood Village, Westwood, Los Angeles, Los Angeles County, California, 90024, United States",34.0584582324705,-118.4369054608
40,"DR EDWARD A ALEXANDER MD,SR LLC","10940 WILSHIRE BLVD,LOS ANGELES,CA,90024","08/16/2020",NA,"The Tower, 10940, Wilshire Boulevard, Westwood Village, Westwood, Los Angeles, Los Angeles County, California, 90024, United States",34.05804765,-118.445077273047
41,"GOWIRELESS INC.","1095 BROXTON AVENUE,LOS ANGELES,CA,90024","08/17/2020",NA,"1095, Broxton Avenue, Westwood Village, Westwood, Los Angeles, Los Angeles County, California, 90024, United States",34.0608602644713,-118.445830215882
42,"Home Business","10501 WILSHIRE BLVD,LOS ANGELES,CA,90024","08/17/2020",NA,"10501, Wilshire Boulevard, Westwood, Los Angeles, Los Angeles County, California, 90024, United States",34.064163,-118.432364
43,"JESSICA JARMOUNE INTERIORS LLC","10375 WILSHIRE BLVD,LOS ANGELES,CA,90024","08/19/2020",NA,"Wilshire Boulevard, Westwood, Los Angeles, Los Angeles County, California, 90024, United States",34.0611221,-118.4346192
45,"BALDIES, INC.","10960 WELLWORTH AVENUE,LOS ANGELES,CA,90024","06/20/2020",NA,"10960, Wellworth Avenue, Westwood Village, Westwood, Los Angeles, Los Angeles County, California, 90024, United States",34.056334875,-118.444923708333
46,"RUZBEHJON INC","1453 WESTWOOD BLVD,LOS ANGELES,CA,90024","09/15/2020",NA,"1453, Westwood Boulevard, Westwood Village, Westwood, Los Angeles, Los Angeles County, California, 90024, United States",34.0546262244898,-118.44126322449
47,"UNITED VALET PARKING INC","1121 GLENDON AVENUE,LOS ANGELES,CA,90024","02/13/2020",NA,"1121, Glendon Avenue, Westwood Village, Westwood, Los Angeles, Los Angeles County, California, 90024, United States",34.0604946530612,-118.444269714286
48,"JUDY LEVY CONSULTING, LLC","1557 S BEVERLY GLEN BLVD,LOS ANGELES,CA,90024","06/11/2020",NA,"1557, South Beverly Glen Boulevard, Westwood, Los Angeles, Los Angeles County, California, 90024, United States",34.0600981176471,-118.425163352941
49,"EVELYN N. NELSON MD PC","760 WESTWOOD PLAZA,LOS ANGELES,CA,90024","03/23/2020",NA,"Westwood Plaza, Westwood Village, Westwood, Los Angeles, Los Angeles County, California, 90024, United States",34.0637938,-118.4452904
50,"TESS PRODUCTIONS INC","10940 WILSHIRE BLVD,LOS ANGELES,CA,90024","03/01/2020",NA,"The Tower, 10940, Wilshire Boulevard, Westwood Village, Westwood, Los Angeles, Los Angeles County, California, 90024, United States",34.05804765,-118.445077273047
51,"MELANIE BAUM DMD, INC","10921 WILSHIRE BLVD,LOS ANGELES,CA,90024","05/01/2020",NA,"Westwood Medical Plaza, 10921, Wilshire Boulevard, Westwood Village, Westwood, Los Angeles, Los Angeles County, California, 90024, United States",34.05886315,-118.444825522401
52,"GENETIC FORESIGHT","10940 WILSHIRE BLVD,LOS ANGELES,CA,90024","01/15/2020",NA,"The Tower, 10940, Wilshire Boulevard, Westwood Village, Westwood, Los Angeles, Los Angeles County, California, 90024, United States",34.05804765,-118.445077273047
53,"EK FLIPS LLC","10960 WILSHIRE BLVD,LOS ANGELES,CA,90024","01/01/2020",NA,"Equinox Building, 10960, Wilshire Boulevard, Westwood Village, Westwood, Los Angeles, Los Angeles County, California, 90024, United States",34.05787365,-118.445925726254
54,"CAROL EISEN, MD","10850 WILSHIRE BLVD,LOS ANGELES,CA,90024","03/01/2020",NA,"English Language Center - ELC Los Angeles, 10850, Wilshire Boulevard, Westwood Village, Westwood, Los Angeles, Los Angeles County, California, 90024, United States",34.05913165,-118.44120737686
55,"OPUS, LLC","551 DALEHURST AVENUE,LOS ANGELES,CA,90024","09/01/2020",NA,"551, Dalehurst Avenue, Westwood, Los Angeles, Los Angeles County, California, 90024, United States",34.0711229550705,-118.435114235645
56,"COTTON ENTERPRISE LLC","10880 WILSHIRE BLVD,LOS ANGELES,CA,90024","08/12/2020",NA,"U.S. Coast Guard - Motion Picture and Television Office, 10880, Wilshire Boulevard, Westwood Village, Westwood, Los Angeles, Los Angeles County, California, 90024, United States",34.058617,-118.4432767
57,"THE LEAD PEN LLC","11168 OPHIR DRIVE,LOS ANGELES,CA,90024","01/01/2020",NA,"11168, Ophir Drive, Westwood, Los Angeles, Los Angeles County, California, 90024, United States",34.0681601489075,-118.455651361144
58,"FMRL FILM4, LLC","10550 WILSHIRE BLVD,LOS ANGELES,CA,90024","09/09/2020",NA,"10550, Wilshire Boulevard, Westwood, Los Angeles, Los Angeles County, California, 90024, United States",34.0628275172414,-118.432672413793
59,"PODSHARE INC","900 HILGARD AVENUE,LOS ANGELES,CA,90024","01/17/2020",NA,"900, Hilgard Avenue, Westwood Village, Westwood, Los Angeles, Los Angeles County, California, 90024, United States",34.063869,-118.44102
60,"THE EATING DISORDER TRAP., INC.","726 MALCOLM AVENUE,LOS ANGELES,CA,90024","09/03/2020",NA,"726, Malcolm Avenue, Westwood Village, Westwood, Los Angeles, Los Angeles County, California, 90024, United States",34.0677171196081,-118.437853608633
61,"WESTWOOD PICK PROPERTIES II, LLC","1401 WESTWOOD BLVD,LOS ANGELES,CA,90024","01/01/2020",NA,"1401, Westwood Boulevard, Westwood Village, Westwood, Los Angeles, Los Angeles County, California, 90024, United States",34.055177,-118.441736
62,"HYPNOCENTER OF LOS ANGELES, LLC","1355 WESTWOOD BLVD,LOS ANGELES,CA,90024","03/04/2020",NA,"1355, Westwood Boulevard, Westwood Village, Westwood, Los Angeles, Los Angeles County, California, 90024, United States",34.0559875,-118.44225175
63,"OASIS NEUROLOGY & PAIN INSTITUTE INC","1047 WESTHOLME AVENUE BUILDING,LOS ANGELES,CA,90024","04/01/2020",NA,"1047, Westholme Avenue, Westwood, Los Angeles, Los Angeles County, California, 90024, United States",34.0633510706218,-118.434699306175
64,"GLASS CAT PRODUCTIONS, LLC","10960 WILSHIRE BLVD,LOS ANGELES,CA,90024","10/06/2020",NA,"Equinox Building, 10960, Wilshire Boulevard, Westwood Village, Westwood, Los Angeles, Los Angeles County, California, 90024, United States",34.05787365,-118.445925726254
65,"PAKET MEDIA, INC.","907 WESTWOOD BLVD,LOS ANGELES,CA,90024","03/30/2020",NA,"907, Westwood Boulevard, Westwood Village, Westwood, Los Angeles, Los Angeles County, California, 90024, United States",34.0631104949684,-118.445181502484
66,"SDS REAL ESTATE ADVISORS LLC","1281 WESTWOOD BLVD,LOS ANGELES,CA,90024","04/13/2020",NA,"1281, Westwood Boulevard, Westwood Village, Westwood, Los Angeles, Los Angeles County, California, 90024, United States",34.0571821020408,-118.442971755102
67,"SOMETHING IN COMMON, INC.","10960 WILSHIRE BLVD,LOS ANGELES,CA,90024","06/12/2020",NA,"Equinox Building, 10960, Wilshire Boulevard, Westwood Village, Westwood, Los Angeles, Los Angeles County, California, 90024, United States",34.05787365,-118.445925726254
68,"BLP WEST II, LLC","10911 WEYBURN AVENUE,LOS ANGELES,CA,90024","01/01/2020",NA,"10911, Weyburn Avenue, Westwood Village, Westwood, Los Angeles, Los Angeles County, California, 90024, United States",34.0626420833333,-118.445852666667
69,"BASICAGRICULTURE.COM LLC","10880 WILSHIRE BLVD,LOS ANGELES,CA,90024","02/03/2020",NA,"U.S. Coast Guard - Motion Picture and Television Office, 10880, Wilshire Boulevard, Westwood Village, Westwood, Los Angeles, Los Angeles County, California, 90024, United States",34.058617,-118.4432767
70,"EMRANI LAWYERS, A PROFESSIONAL LAW CORPORATION","821 GLENMONT AVENUE,LOS ANGELES,CA,90024","01/01/2020",NA,"821, Glenmont Avenue, Westwood Village, Westwood, Los Angeles, Los Angeles County, California, 90024, United States",34.0656200635185,-118.436818250815
72,"RJ KEL LP, A CALIFORNIA LIMITED PARTNERSHIP","433 KELTON AVENUE,LOS ANGELES,CA,90024","01/01/2020",NA,"433, Kelton Avenue, Westwood, Los Angeles, Los Angeles County, California, 90024, United States",34.0696439387755,-118.45390355102
73,"Y INDUSTRIES LLC","10960 WILSHIRE BLVD,LOS ANGELES,CA,90024","01/01/2020",NA,"Equinox Building, 10960, Wilshire Boulevard, Westwood Village, Westwood, Los Angeles, Los Angeles County, California, 90024, United States",34.05787365,-118.445925726254
74,"L54716 CORP","10660 WILSHIRE BLVD,LOS ANGELES,CA,90024","01/01/2020",NA,"10660, Wilshire Boulevard, Westwood, Los Angeles, Los Angeles County, California, 90024, United States",34.0609604362806,-118.434844921517
75,"DIVAWORKS INC","10960 WILSHIRE BLVD,LOS ANGELES,CA,90024","01/01/2020",NA,"Equinox Building, 10960, Wilshire Boulevard, Westwood Village, Westwood, Los Angeles, Los Angeles County, California, 90024, United States",34.05787365,-118.445925726254
77,"ICY ARCH CORPORATION","907 WESTWOOD BLVD,LOS ANGELES,CA,90024","02/01/2020",NA,"907, Westwood Boulevard, Westwood Village, Westwood, Los Angeles, Los Angeles County, California, 90024, United States",34.0631104949684,-118.445181502484
78,"T&M PROTECTION RESOURCES LLC","10940 WILSHIRE BLVD,LOS ANGELES,CA,90024","02/01/2020",NA,"The Tower, 10940, Wilshire Boulevard, Westwood Village, Westwood, Los Angeles, Los Angeles County, California, 90024, United States",34.05804765,-118.445077273047
79,"DPMD, INC.","781 MALCOLM AVENUE,LOS ANGELES,CA,90024","01/01/2020",NA,"781, Malcolm Avenue, Westwood Village, Westwood, Los Angeles, Los Angeles County, California, 90024, United States",34.0664688072022,-118.438361890454
80,"DIVAWORKS ON TOUR INC","10960 WILSHIRE BLVD,LOS ANGELES,CA,90024","01/01/2020",NA,"Equinox Building, 10960, Wilshire Boulevard, Westwood Village, Westwood, Los Angeles, Los Angeles County, California, 90024, United States",34.05787365,-118.445925726254
81,"NNMF ADVISORS LLC","1281 WESTWOOD BLVD,LOS ANGELES,CA,90024","04/13/2020",NA,"1281, Westwood Boulevard, Westwood Village, Westwood, Los Angeles, Los Angeles County, California, 90024, United States",34.0571821020408,-118.442971755102
82,"WSHB SUPPORT SERVICES LLC","10960 WILSHIRE BLVD,LOS ANGELES,CA,90024","02/25/2020",NA,"Equinox Building, 10960, Wilshire Boulevard, Westwood Village, Westwood, Los Angeles, Los Angeles County, California, 90024, United States",34.05787365,-118.445925726254
83,"Home Business","449 LEVERING AVENUE,LOS ANGELES,CA,90024","05/05/2020",NA,"449, Levering Avenue, Westwood Village, Westwood, Los Angeles, Los Angeles County, California, 90024, United States",34.0680943018046,-118.456829094939
85,"FIGHT 2 FINISH INC","1351 WESTWOOD BLVD,LOS ANGELES,CA,90024","09/28/2020",NA,"1351, Westwood Boulevard, Westwood Village, Westwood, Los Angeles, Los Angeles County, California, 90024, United States",34.056041,-118.442284
87,"JOSEFA LLC","10401 WILSHIRE BLVD,LOS ANGELES,CA,90024","05/26/2020",NA,"Wilshire Boulevard, Westwood, Los Angeles, Los Angeles County, California, 90024, United States",34.0611221,-118.4346192
88,"REGENTS OF THE UNIVERSITY OF CALIFORNIA AT LOS ANGELES","10920 WILSHIRE BLVD,LOS ANGELES,CA,90024","09/17/2020",NA,"UCLA Wilshire Center, 10920, Wilshire Boulevard, Westwood Village, Westwood, Los Angeles, Los Angeles County, California, 90024, United States",34.0580985,-118.444642405786
89,"APHRODITE ONE LLC","10959 KINROSS AVENUE,LOS ANGELES,CA,90024","10/01/2020",NA,"10959, Kinross Avenue, Westwood Village, Westwood, Los Angeles, Los Angeles County, California, 90024, United States",34.0601804482759,-118.446718689655
90,"ALEXANDER FREEDMAN, ESQ.","10660 EASTBORNE AVENUE,LOS ANGELES,CA,90024","09/01/2020",NA,"10660, Eastborne Avenue, Westwood, Los Angeles, Los Angeles County, California, 90024, United States",34.0537485102041,-118.431294673469
91,"PROXY LAW FIRM LLP","10880 WILSHIRE BLVD,LOS ANGELES,CA,90024","10/01/2020",NA,"U.S. Coast Guard - Motion Picture and Television Office, 10880, Wilshire Boulevard, Westwood Village, Westwood, Los Angeles, Los Angeles County, California, 90024, United States",34.058617,-118.4432767
93,"SPARKWORK SOFTWARE, INC.","10880 WILSHIRE BLVD,LOS ANGELES,CA,90024","10/15/2020",NA,"U.S. Coast Guard - Motion Picture and Television Office, 10880, Wilshire Boulevard, Westwood Village, Westwood, Los Angeles, Los Angeles County, California, 90024, United States",34.058617,-118.4432767
94,"NURANA LIFE LLC","1440 VETERAN AVENUE,LOS ANGELES,CA,90024","10/07/2020",NA,"1440, Veteran Avenue, Westwood, Los Angeles, Los Angeles County, California, 90024, United States",34.05325425,-118.4437427
95,"PROSOCIAL","1001 GAYLEY AVENUE,LOS ANGELES,CA,90024","01/01/2020",NA,"1001, Gayley Avenue, Westwood Village, Westwood, Los Angeles, Los Angeles County, California, 90024, United States",34.06163985,-118.44808136802
96,"ZEN DOGS & COOL CATS LLC","10956 WEYBURN AVENUE,LOS ANGELES,CA,90024","01/25/2020",NA,"Fox Village Theater, 10956, Weyburn Avenue, Westwood Village, Westwood, Los Angeles, Los Angeles County, California, 90024, United States",34.0621596,-118.4474292
97,"CAPCOM USA, INC.","10960 WILSHIRE BLVD,LOS ANGELES,CA,90024","04/01/2020",NA,"Equinox Building, 10960, Wilshire Boulevard, Westwood Village, Westwood, Los Angeles, Los Angeles County, California, 90024, United States",34.05787365,-118.445925726254
98,"DY PRODUCTIONS, INC.","10601 WILSHIRE BLVD,LOS ANGELES,CA,90024","01/01/2020",NA,"10601, Wilshire Boulevard, Westwood, Los Angeles, Los Angeles County, California, 90024, United States",34.061535,-118.433882
99,"OSCAR H. OO, PSY.D., A PROFESSIONAL PSYCHOLOGICAL CORPORATION","10940 WILSHIRE BLVD,LOS ANGELES,CA,90024","02/01/2020",NA,"The Tower, 10940, Wilshire Boulevard, Westwood Village, Westwood, Los Angeles, Los Angeles County, California, 90024, United States",34.05804765,-118.445077273047
100,"STUDY BREAK, INC.","10880 WILSHIRE BLVD,LOS ANGELES,CA,90024","01/02/2020",NA,"U.S. Coast Guard - Motion Picture and Television Office, 10880, Wilshire Boulevard, Westwood Village, Westwood, Los Angeles, Los Angeles County, California, 90024, United States",34.058617,-118.4432767
101,"KIKUE FILM PRODUCTIONS INC","10940 WILSHIRE BLVD,LOS ANGELES,CA,90024","03/01/2020",NA,"The Tower, 10940, Wilshire Boulevard, Westwood Village, Westwood, Los Angeles, Los Angeles County, California, 90024, United States",34.05804765,-118.445077273047
102,"ONE TWENTYSEVEN MUSIC LLC","10940 WILSHIRE BLVD,LOS ANGELES,CA,90024","03/01/2020",NA,"The Tower, 10940, Wilshire Boulevard, Westwood Village, Westwood, Los Angeles, Los Angeles County, California, 90024, United States",34.05804765,-118.445077273047
103,"PL1 LLC","10877 WILSHIRE BLVD,LOS ANGELES,CA,90024","01/29/2020",NA,"10877, Wilshire Boulevard, Westwood Village, Westwood, Los Angeles, Los Angeles County, California, 90024, United States",34.05927025,-118.4423481
104,"THAI SABAI TRADITIONAL THAI MASSAGE INC","1722 WESTWOOD BLVD,LOS ANGELES,CA,90024","02/27/2020",NA,"1722, Westwood Boulevard, Westwood, Los Angeles, Los Angeles County, California, 90024, United States",34.0513905714286,-118.438231469388
105,"ANISGARTEN CONSULTING LLC","1333 WARNER AVENUE,LOS ANGELES,CA,90024","04/21/2020",NA,"1333, Warner Avenue, Westwood, Los Angeles, Los Angeles County, California, 90024, United States",34.062182,-118.429838918367
106,"CLAUDIU ADRIAN VLADA MEDICAL CORPORATION","1082 GLENDON AVENUE,LOS ANGELES,CA,90024","02/19/2020",NA,"1082, Glendon Avenue, Westwood Village, Westwood, Los Angeles, Los Angeles County, California, 90024, United States",34.06068090625,-118.444208125
108,"HALPINE CORP","10751 WILSHIRE BLVD,LOS ANGELES,CA,90024","10/05/2020",NA,"10751, Wilshire Boulevard, Westwood Village, Westwood, Los Angeles, Los Angeles County, California, 90024, United States",34.06039,-118.438137
110,"ROUND LADY FROM THE HEAVENS, INC.","10990 WILSHIRE BLVD,LOS ANGELES,CA,90024","01/01/2020",NA,"KB Home, 10990, Wilshire Boulevard, Westwood Village, Westwood, Los Angeles, Los Angeles County, California, 90024, United States",34.0575914,-118.447167857437
111,"VH PLANNING DESIGN & CONSTRUCTION LLC","643 WESTHOLME AVENUE,LOS ANGELES,CA,90024","01/02/2020",NA,"643, Westholme Avenue, Westwood, Los Angeles, Los Angeles County, California, 90024, United States",34.0690051693394,-118.438078762258
112,"SOS ADMISSIONS","10866 WILSHIRE BLVD,LOS ANGELES,CA,90024","12/15/2020",NA,"10866, Wilshire Boulevard, Westwood Village, Westwood, Los Angeles, Los Angeles County, California, 90024, United States",34.0591843846154,-118.442019384615
113,"NAFTEM10830 LLC","10960 WILSHIRE BLVD,LOS ANGELES,CA,90024","02/01/2020",NA,"Equinox Building, 10960, Wilshire Boulevard, Westwood Village, Westwood, Los Angeles, Los Angeles County, California, 90024, United States",34.05787365,-118.445925726254
114,"THINK HALAL GRILL INC","10917 LINDBROOK DRIVE,LOS ANGELES,CA,90024","02/01/2020",NA,"Nature's Way Café, 10917, Lindbrook Drive, Westwood Village, Westwood, Los Angeles, Los Angeles County, California, 90024, United States",34.0596412,-118.445166
115,"THE USB LIGHTER COMPANY, LLC","10940 WILSHIRE BLVD,LOS ANGELES,CA,90024","01/28/2020",NA,"The Tower, 10940, Wilshire Boulevard, Westwood Village, Westwood, Los Angeles, Los Angeles County, California, 90024, United States",34.05804765,-118.445077273047
116,"ROUND LADY FROM THE HEAVENS, INC.","10990 WILSHIRE BLVD,LOS ANGELES,CA,90024","01/01/2020",NA,"KB Home, 10990, Wilshire Boulevard, Westwood Village, Westwood, Los Angeles, Los Angeles County, California, 90024, United States",34.0575914,-118.447167857437
117,"PL2 LLC","10877 WILSHIRE BLVD,LOS ANGELES,CA,90024","01/29/2020",NA,"10877, Wilshire Boulevard, Westwood Village, Westwood, Los Angeles, Los Angeles County, California, 90024, United States",34.05927025,-118.4423481
118,"STITCH DESIGN, LLC","10940 WILSHIRE BLVD,LOS ANGELES,CA,90024","01/15/2020",NA,"The Tower, 10940, Wilshire Boulevard, Westwood Village, Westwood, Los Angeles, Los Angeles County, California, 90024, United States",34.05804765,-118.445077273047
119,"JOE KEERY INC","10960 WILSHIRE BLVD,LOS ANGELES,CA,90024","05/01/2020",NA,"Equinox Building, 10960, Wilshire Boulevard, Westwood Village, Westwood, Los Angeles, Los Angeles County, California, 90024, United States",34.05787365,-118.445925726254
120,"HYVE ENTERTAINMENT","424 KELTON AVENUE BUILDING,LOS ANGELES,CA,90024","06/03/2020",NA,"424, Kelton Avenue, Westwood, Los Angeles, Los Angeles County, California, 90024, United States",34.0698082040816,-118.453725163265
121,"THE BREATHE INSTITUTE WORKSHOPS INC","10921 WILSHIRE BLVD,LOS ANGELES,CA,90024","04/15/2020",NA,"Westwood Medical Plaza, 10921, Wilshire Boulevard, Westwood Village, Westwood, Los Angeles, Los Angeles County, California, 90024, United States",34.05886315,-118.444825522401
122,"CALIFORNIA CONSUMER ATTORNEYS, PC","10900 WILSHIRE BLVD,LOS ANGELES,CA,90024","01/01/2020",NA,"Murdock Plaza, 10900, Wilshire Boulevard, Westwood Village, Westwood, Los Angeles, Los Angeles County, California, 90024, United States",34.05833715,-118.444065347594
123,"SABI SALON INC","1400 MIDVALE AVENUE,LOS ANGELES,CA,90024","01/05/2020",NA,"1400, Midvale Avenue, Westwood, Los Angeles, Los Angeles County, California, 90024, United States",34.054751,-118.44245
124,"GHOST KITCHEN WEYBURN AVENUE LLC","10975 WEYBURN AVENUE BUILDING,LOS ANGELES,CA,90024","04/28/2020",NA,"Tomodachi Sushi, 10975, Weyburn Avenue, Westwood Village, Westwood, Los Angeles, Los Angeles County, California, 90024, United States",34.0622136,-118.4478594
125,"BUYWELL LLC","10445 WILSHIRE BLVD,LOS ANGELES,CA,90024","07/01/2020",NA,"Wilshire Boulevard, Westwood, Los Angeles, Los Angeles County, California, 90024, United States",34.0611221,-118.4346192
127,"Home Business","1666 VETERAN AVENUE,LOS ANGELES,CA,90024","03/02/2020",NA,"1666, Veteran Avenue, Westwood, Los Angeles, Los Angeles County, California, 90024, United States",34.0504767403472,-118.441347581256
128,"Home Business","10300 WILSHIRE BLVD,LOS ANGELES,CA,90024","07/01/2020",NA,"Beverly Hills Plaza Hotel & Spa, 10300, Wilshire Boulevard, Westwood, Los Angeles, Los Angeles County, California, 90024, United States",34.0674197,-118.4257667
130,"WILSHIRE LA JOLLA HOLDINGS, LLC","10599 WILSHIRE BLVD,LOS ANGELES,CA,90024","01/01/2020",NA,"10599, Wilshire Boulevard, Westwood, Los Angeles, Los Angeles County, California, 90024, United States",34.061668,-118.433632
131,"MARY LUSSIER, MA, MFT MARRIAGE AND FAMILY THERAPIST A PROFESSIONAL CORPORATION","10433 WILSHIRE BLVD,LOS ANGELES,CA,90024","01/06/2020",NA,"Wilshire Boulevard, Westwood, Los Angeles, Los Angeles County, California, 90024, United States",34.0611221,-118.4346192
132,"NICE SAFFRON LLC","10338 EASTBORNE AVENUE,LOS ANGELES,CA,90024","04/04/2020",NA,"10338, Eastborne Avenue, Westwood, Los Angeles, Los Angeles County, California, 90024, United States",34.0597590110513,-118.422582977897
133,"Home Business","10490 WILSHIRE BLVD,LOS ANGELES,CA,90024","04/07/2020",NA,"Wilshire Boulevard, Westwood, Los Angeles, Los Angeles County, California, 90024, United States",34.0611221,-118.4346192
134,"LEVCRE INC","10535 WILSHIRE BLVD,LOS ANGELES,CA,90024","07/01/2020",NA,"10535, Wilshire Boulevard, Westwood, Los Angeles, Los Angeles County, California, 90024, United States",34.0631498,-118.43275636
136,"CRE ALL PHARMACY","10750 WILSHIRE BLVD,LOS ANGELES,CA,90024","04/06/2020",NA,"10750, Wilshire Boulevard, Westwood Village, Westwood, Los Angeles, Los Angeles County, California, 90024, United States",34.060233,-118.438076
139,"PRESTIGE LEGAL SOLUTIONS, P.C.","10777 WILSHIRE BLVD,LOS ANGELES,CA,90024","03/10/2020",NA,"10777, Wilshire Boulevard, Westwood Village, Westwood, Los Angeles, Los Angeles County, California, 90024, United States",34.0601765833333,-118.438938125
140,"NMS PROPERTIES INC","10960 WILSHIRE BLVD,LOS ANGELES,CA,90024","07/27/2020",NA,"Equinox Building, 10960, Wilshire Boulevard, Westwood Village, Westwood, Los Angeles, Los Angeles County, California, 90024, United States",34.05787365,-118.445925726254
142,"SIR PEA GREEN STUDIOS LLC","411 KELTON AVENUE,LOS ANGELES,CA,90024","01/20/2020",NA,"411, Kelton Avenue, Westwood, Los Angeles, Los Angeles County, California, 90024, United States",34.0700489183673,-118.453954734694
143,"LOS ANGELES ROOM & BOARD","862 HILGARD AVENUE,LOS ANGELES,CA,90024","07/01/2020",NA,"862, Hilgard Avenue, Westwood Village, Westwood, Los Angeles, Los Angeles County, California, 90024, United States",34.0650538070077,-118.44054143517
144,"QUITTING CYCLES LLC","1395 KELTON AVENUE,LOS ANGELES,CA,90024","03/27/2020",NA,"1395, Kelton Avenue, Westwood, Los Angeles, Los Angeles County, California, 90024, United States",34.0543905535353,-118.443676766231
145,"Home Business","1666 VETERAN AVENUE,LOS ANGELES,CA,90024","03/02/2020",NA,"1666, Veteran Avenue, Westwood, Los Angeles, Los Angeles County, California, 90024, United States",34.0504767403472,-118.441347581256
146,"RUMORS ROSE LLC","10701 WILSHIRE BLVD,LOS ANGELES,CA,90024","01/01/2020",NA,"10701, Wilshire Boulevard, Westwood, Los Angeles, Los Angeles County, California, 90024, United States",34.060904,-118.435904
148,"Home Business","10930 ASHTON AVENUE,LOS ANGELES,CA,90024","05/26/2020",NA,"10930, Ashton Avenue, Westwood Village, Westwood, Los Angeles, Los Angeles County, California, 90024-3990, United States",34.05729385,-118.44413478709
149,"ANDREW KATSINAS MFT","10880 WILSHIRE BLVD,LOS ANGELES,CA,90024","06/01/2020",NA,"U.S. Coast Guard - Motion Picture and Television Office, 10880, Wilshire Boulevard, Westwood Village, Westwood, Los Angeles, Los Angeles County, California, 90024, United States",34.058617,-118.4432767
150,"Home Business","10905 OHIO AVENUE,LOS ANGELES,CA,90024","02/12/2020",NA,"10905, Ohio Avenue, Westwood Village, Westwood, Los Angeles, Los Angeles County, California, 90024-3990, United States",34.0535292,-118.44197572104
152,"CALABRESE FILMS, INC.","1380 MIDVALE AVENUE,LOS ANGELES,CA,90024","01/07/2020",NA,"1380, Midvale Avenue, West Los Angeles, Los Angeles, Los Angeles County, California, 90024-3990, United States",34.055341,-118.442778894428
154,"FOLLOW ME 4 EQUITY INC","10880 WILSHIRE BLVD,LOS ANGELES,CA,90024","08/12/2020",NA,"U.S. Coast Guard - Motion Picture and Television Office, 10880, Wilshire Boulevard, Westwood Village, Westwood, Los Angeles, Los Angeles County, California, 90024, United States",34.058617,-118.4432767
155,"MAZZAROTH, INC.","907 WESTWOOD BLVD,LOS ANGELES,CA,90024","02/15/2020",NA,"907, Westwood Boulevard, Westwood Village, Westwood, Los Angeles, Los Angeles County, California, 90024, United States",34.0631104949684,-118.445181502484
156,"KZZ MUSIC LLC","10880 WILSHIRE BLVD,LOS ANGELES,CA,90024","11/10/2020",NA,"U.S. Coast Guard - Motion Picture and Television Office, 10880, Wilshire Boulevard, Westwood Village, Westwood, Los Angeles, Los Angeles County, California, 90024, United States",34.058617,-118.4432767
157,"DON LONDRES LLC","10877 WILSHIRE BLVD BUILDING,LOS ANGELES,CA,90024","09/29/2020",NA,"10877, Wilshire Boulevard, Westwood Village, Westwood, Los Angeles, Los Angeles County, California, 90024, United States",34.05927025,-118.4423481
158,"HIGH HEEL PRODUCTIONS LLC","10877 WILSHIRE BLVD BUILDING,LOS ANGELES,CA,90024","10/31/2020",NA,"10877, Wilshire Boulevard, Westwood Village, Westwood, Los Angeles, Los Angeles County, California, 90024, United States",34.05927025,-118.4423481
159,"J.A.M. MANAGEMENT INC.","1539 WOODRUFF AVENUE,LOS ANGELES,CA,90024","10/22/2020",NA,"1539, Woodruff Avenue, Westwood, Los Angeles, Los Angeles County, California, 90024, United States",34.0602967959184,-118.425750326531
161,"SIKE INSIGHTS, INC.","10965 STRATHMORE DRIVE,LOS ANGELES,CA,90024","04/09/2020",NA,"Atrium Apartments, 10965, Strathmore Drive, Westwood Village, Westwood, Los Angeles, Los Angeles County, California, 90024, United States",34.06708425,-118.450284742786
162,"ARTTOIA CORPORATION","10880 WILSHIRE BLVD,LOS ANGELES,CA,90024","12/01/2020",NA,"U.S. Coast Guard - Motion Picture and Television Office, 10880, Wilshire Boulevard, Westwood Village, Westwood, Los Angeles, Los Angeles County, California, 90024, United States",34.058617,-118.4432767
163,"MAYBE BABY INCORPORATED","440 VETERAN AVENUE,LOS ANGELES,CA,90024","04/10/2020",NA,"440, Veteran Avenue, Westwood Village, Westwood, Los Angeles, Los Angeles County, California, 90024, United States",34.068827,-118.454763
165,"ZECII LLC","10880 WILSHIRE BLVD,LOS ANGELES,CA,90024","12/01/2020",NA,"U.S. Coast Guard - Motion Picture and Television Office, 10880, Wilshire Boulevard, Westwood Village, Westwood, Los Angeles, Los Angeles County, California, 90024, United States",34.058617,-118.4432767
166,"ADB COMMUNICATIONS LLC","1561 MANNING AVENUE,LOS ANGELES,CA,90024","11/25/2020",NA,"1561, Manning Avenue, Westwood, Los Angeles, Los Angeles County, California, 90024, United States",34.0559325,-118.434584357143
167,"ARCODIA INC.","10880 Wilshire,Los Angeles,CA,90024","11/24/2020",NA,"The Wilshire, Wilshire Boulevard, Westwood, Los Angeles, Los Angeles County, California, 90024, United States",34.06151465,-118.432771161966
168,"IN THE BAG LLC","501 LORING AVENUE,LOS ANGELES,CA,90024","11/16/2020",NA,"501, Loring Avenue, Westwood, Los Angeles, Los Angeles County, California, 90024, United States",34.072391,-118.43392
169,"INDIGI GOLDEN HERBAL ACADEMY LLC","1650 Veteran,Los Angeles,CA,90024","09/12/2020",NA,"veteran, 1847, Veteran Avenue, West Los Angeles, Los Angeles, Los Angeles County, California, 90024-3990, United States",34.0475294,-118.439370843208
170,"CLAY AIR INC","1100 GLENDON AVENUE,LOS ANGELES,CA,90024","06/01/2020",NA,"Westwood Center, 1100, Glendon Avenue, Westwood Village, Westwood, Los Angeles, Los Angeles County, California, 90024, United States",34.0605418,-118.443495411629
171,"CENTURY PARK PARTNERS, INC.","10877 WILSHIRE BLVD,LOS ANGELES,CA,90024","10/01/2020",NA,"10877, Wilshire Boulevard, Westwood Village, Westwood, Los Angeles, Los Angeles County, California, 90024, United States",34.05927025,-118.4423481
172,"GREYSTONE GLOBAL INC","10401 WILSHIRE BLVD,LOS ANGELES,CA,90024","12/08/2020",NA,"Wilshire Boulevard, Westwood, Los Angeles, Los Angeles County, California, 90024, United States",34.0611221,-118.4346192
173,"ZEN LAB","500 LANDFAIR AVENUE,LOS ANGELES,CA,90024","11/15/2020",NA,"University Cooperative Housing Association, 500, Landfair Avenue, Westwood Village, Westwood, Los Angeles, Los Angeles County, California, 90095, United States",34.06870245,-118.450534064119
175,"HAW LAW CORPORATION","10880 WILSHIRE BLVD,LOS ANGELES,CA,90024","11/25/2020",NA,"U.S. Coast Guard - Motion Picture and Television Office, 10880, Wilshire Boulevard, Westwood Village, Westwood, Los Angeles, Los Angeles County, California, 90024, United States",34.058617,-118.4432767
176,"DNP EATS, LLC","10923 WEYBURN AVENUE,LOS ANGELES,CA,90024","11/18/2020",NA,"10923, Weyburn Avenue, Westwood Village, Westwood, Los Angeles, Los Angeles County, California, 90024, United States",34.0626325833333,-118.446178666667
9,"Home Business","952 GAYLEY AVENUE,LOS ANGELES,CA,90024","08/16/2020",NA,"952, Gayley Avenue, Westwood Village, Westwood, Los Angeles, Los Angeles County, California, 90024, United States",34.0624203673469,-118.448057204082
13,"Home Business","10724 WILSHIRE BLVD,LOS ANGELES,CA,90024","07/13/2020",NA,"10724, Wilshire Boulevard, Westwood, Los Angeles, Los Angeles County, California, 90024, United States",34.0605339358381,-118.436825391376
25,"Home Business","501 GAYLEY AVENUE,LOS ANGELES,CA,90024","01/01/2020",NA,"501, Gayley Avenue, Westwood, Los Angeles, Los Angeles County, California, 90024, United States",34.0698032206831,-118.451217293633
29,"Home Business","488 LANDFAIR AVENUE,LOS ANGELES,CA,90024","09/25/2020",NA,"488, Landfair Avenue, Westwood Village, Westwood, Los Angeles, Los Angeles County, California, 90024, United States",34.0688327272727,-118.451237090909
30,"Home Business","10880 WILSHIRE BLVD,LOS ANGELES,CA,90024","09/01/2020",NA,"U.S. Coast Guard - Motion Picture and Television Office, 10880, Wilshire Boulevard, Westwood Village, Westwood, Los Angeles, Los Angeles County, California, 90024, United States",34.058617,-118.4432767
34,"Home Business","10501 WILSHIRE BLVD,LOS ANGELES,CA,90024","01/01/2020",NA,"10501, Wilshire Boulevard, Westwood, Los Angeles, Los Angeles County, California, 90024, United States",34.064163,-118.432364
44,"Home Business","1281 WESTWOOD BLVD,LOS ANGELES,CA,90024","06/19/2020",NA,"1281, Westwood Boulevard, Westwood Village, Westwood, Los Angeles, Los Angeles County, California, 90024, United States",34.0571821020408,-118.442971755102
71,"Home Business","1416 WESTWOOD BLVD,LOS ANGELES,CA,90024","01/30/2020",NA,"1416, Westwood Boulevard, Westwood Village, Westwood, Los Angeles, Los Angeles County, California, 90024, United States",34.0551025306122,-118.441429530612
76,"Home Business","1377 S BEVERLY GLEN BLVD,LOS ANGELES,CA,90024","02/01/2020",NA,"1377, South Beverly Glen Boulevard, Westwood, Los Angeles, Los Angeles County, California, 90024, United States",34.062679162774,-118.426425118461
84,"Home Business","10364 EASTBORNE AVENUE,LOS ANGELES,CA,90024","04/23/2020",NA,"10364, Eastborne Avenue, Westwood, Los Angeles, Los Angeles County, California, 90024, United States",34.0590030952381,-118.423650190476
86,"Home Business","1400 MIDVALE AVENUE,LOS ANGELES,CA,90024","09/12/2020",NA,"1400, Midvale Avenue, Westwood, Los Angeles, Los Angeles County, California, 90024, United States",34.054751,-118.44245
92,"Home Business","1260 VETERAN AVENUE,LOS ANGELES,CA,90024","10/20/2020",NA,"1260, Veteran Avenue, Westwood Village, Westwood, Los Angeles, Los Angeles County, California, 90024, United States",34.0566576666667,-118.446677125
107,"Home Business","400 LANDFAIR AVENUE,LOS ANGELES,CA,90024","01/01/2020",NA,"400, Landfair Avenue, Westwood Village, Westwood, Los Angeles, Los Angeles County, California, 90024, United States",34.070465,-118.453068
109,"Home Business","10880 WILSHIRE BLVD,LOS ANGELES,CA,90024","02/17/2020",NA,"U.S. Coast Guard - Motion Picture and Television Office, 10880, Wilshire Boulevard, Westwood Village, Westwood, Los Angeles, Los Angeles County, California, 90024, United States",34.058617,-118.4432767
126,"Home Business","1441 VETERAN AVENUE,LOS ANGELES,CA,90024","01/01/2020",NA,"1441, Veteran Avenue, Westwood, Los Angeles, Los Angeles County, California, 90024, United States",34.0530450612245,-118.44380622449
129,"Home Business","1440 VETERAN AVENUE,LOS ANGELES,CA,90024","01/01/2020",NA,"1440, Veteran Avenue, Westwood, Los Angeles, Los Angeles County, California, 90024, United States",34.05325425,-118.4437427
135,"Home Business","875 COMSTOCK AVENUE,LOS ANGELES,CA,90024","01/01/2020",NA,"875, Comstock Avenue, Westwood, Los Angeles, Los Angeles County, California, 90024, United States",34.0685223601628,-118.425996711645
137,"Home Business","865 COMSTOCK AVENUE,LOS ANGELES,CA,90024","02/08/2020",NA,"865, Comstock Avenue, Westwood, Los Angeles, Los Angeles County, California, 90024, United States",34.0687654638387,-118.426128565761
138,"Home Business","10520 WILSHIRE BLVD,LOS ANGELES,CA,90024","01/01/2020",NA,"10520, Wilshire Boulevard, Westwood, Los Angeles, Los Angeles County, California, 90024, United States",34.0635982068966,-118.432373965517
141,"Home Business","1650 VETERAN AVENUE,LOS ANGELES,CA,90024","04/17/2020",NA,"1650, Veteran Avenue, Westwood, Los Angeles, Los Angeles County, California, 90024, United States",34.0506419220232,-118.441489953549
147,"Home Business","10700 WILSHIRE BLVD,LOS ANGELES,CA,90024","04/23/2020",NA,"10700, Wilshire Boulevard, Westwood, Los Angeles, Los Angeles County, California, 90024, United States",34.060744,-118.435854
151,"Home Business","10959 ROCHESTER AVENUE,LOS ANGELES,CA,90024","04/30/2020",NA,"10959, Rochester Avenue, Westwood Village, Westwood, Los Angeles, Los Angeles County, California, 90024, United States",34.0556485,-118.444618
153,"Home Business","10811 ASHTON AVENUE,LOS ANGELES,CA,90024","04/22/2020",NA,"10811, Ashton Avenue, Westwood Village, Westwood, Los Angeles, Los Angeles County, California, 90024, United States",34.0588543265306,-118.43954622449
160,"Home Business","10747 OHIO AVENUE,LOS ANGELES,CA,90024","11/01/2020",NA,"10747, Ohio Avenue, Westwood, Los Angeles, Los Angeles County, California, 90024, United States",34.0564355,-118.437069666667
164,"Home Business","1557 S BEVERLY GLEN BLVD,LOS ANGELES,CA,90024","01/01/2020",NA,"1557, South Beverly Glen Boulevard, Westwood, Los Angeles, Los Angeles County, California, 90024, United States",34.0600981176471,-118.425163352941
174,"Home Business","10924 OHIO AVE,LOS ANGELES,CA,90024","12/14/2020",NA,"",34.05303,-118.442
